"nanyangSiteId","siteNameZh","siteNameEn","x","y"
"cca-kd-0001","（新加坡）广东会馆","SINGAPORE KWANG TUNG ASSOCIATION",103.848835,1.284811
"cca-kd-0002","（新加坡）广东会馆","SINGAPORE KWANG TUNG ASSOCIATION",103.84238,1.279203
"cca-kd-0003","（新加坡）广东会馆","SINGAPORE KWANG TUNG ASSOCIATION",103.848835,1.284811
"cca-kd-0004","（新加坡）广东会馆","SINGAPORE KWANG TUNG ASSOCIATION",103.840813,1.287034
"cca-kd-0005","（新加坡）张氏总会","CHANG CLAN GENERAL ASSOCIATION",103.855328,1.299068
"cca-kd-0006","（新加坡）张氏总会","CHANG CLAN GENERAL ASSOCIATION",103.847874,1.283466
"cca-kd-0007","（新加坡）张氏总会","CHANG CLAN GENERAL ASSOCIATION",103.846266,1.281705
"cca-kd-0008","（新加坡）张氏总会","CHANG CLAN GENERAL ASSOCIATION",103.885569,1.314959
"cca-kd-0009","（新加坡）彭氏总会","SINGAPORE PANG CLAN ASSOCIATION",103.843964,1.28584
"cca-kd-0010","（新加坡）彭氏总会","SINGAPORE PANG CLAN ASSOCIATION",103.844035,1.278506
"cca-kd-0011","（新加坡）彭氏总会","SINGAPORE PANG CLAN ASSOCIATION",103.858495,1.316086
"cca-kd-0012","（新加坡）彭氏总会","SINGAPORE PANG CLAN ASSOCIATION",103.858861,1.31239
"cca-kd-0013","（新加坡）彭氏总会","SINGAPORE PANG CLAN ASSOCIATION",103.885595,1.314698
"cca-kd-0014","（新加坡）彭氏总会","SINGAPORE PANG CLAN ASSOCIATION",103.878815,1.311735
"cca-kd-0015","（新加坡）彭氏总会","SINGAPORE PANG CLAN ASSOCIATION",103.885595,1.314698
"cca-kd-0016","（新加坡）曾邱公会","SINGAPORE CHAN KHOO KONG HUAY",103.846455,1.290532
"cca-kd-0017","（新加坡）曾邱公会","SINGAPORE CHAN KHOO KONG HUAY",103.863909,1.305634
"cca-kd-0018","（新加坡）曾邱公会","SINGAPORE CHAN KHOO KONG HUAY",103.885593,1.315238
"cca-kd-0019","（新加坡）杨氏总会","YANG CLAN GENERAL ASSOCIATION",103.843498,1.278766
"cca-kd-0020","（新加坡）杨氏总会","YANG CLAN GENERAL ASSOCIATION",103.842644,1.293833
"cca-kd-0021","（新加坡）杨氏总会","YANG CLAN GENERAL ASSOCIATION",103.806236,1.272195
"cca-kd-0022","（新加坡）杨氏总会","YANG CLAN GENERAL ASSOCIATION",103.878618,1.313346
"cca-kd-0023","（新加坡）永春会馆","ENG CHOON HWAY KUAN (SINGAPORE)",103.856724,1.29751
"cca-kd-0024","(新加坡)永春会馆","ENG CHOON HWAY KUAN (SINGAPORE)",103.847392,1.281824
"cca-kd-0025","（星洲）福建杨氏公会","SINGAPORE HOKKIEN YEO SEE ASSOCIATION",103.847503,1.282085
"cca-kd-0026","（星洲）福建杨氏公会","SINGAPORE HOKKIEN YEO SEE ASSOCIATION",103.849436,1.280981
"cca-kd-0027","（星洲）福建杨氏公会","SINGAPORE HOKKIEN YEO SEE ASSOCIATION",103.842644,1.293833
"cca-kd-0028","（星洲）福建杨氏公会","SINGAPORE HOKKIEN YEO SEE ASSOCIATION",103.806236,1.272195
"cca-kd-0029","茶阳励志社, 茶阳（大埔）励志社","CHAR YANG (DABU) LEE CHEE ASSOCIATION",103.849514,1.293615
"cca-kd-0030","茶阳励志社, 茶阳（大埔）励志社","CHAR YANG (DABU) LEE CHEE ASSOCIATION",103.847554,1.284646
"cca-kd-0031","茶阳励志社, 茶阳（大埔）励志社","CHAR YANG (DABU) LEE CHEE ASSOCIATION",103.888314,1.315336
"cca-kd-0032","茶阳励志社, 茶阳（大埔）励志社","CHAR YANG (DABU) LEE CHEE ASSOCIATION",103.878664,1.313134
"cca-kd-0033","南安会馆, 新加坡南安会馆","SINGAPORE LAM ANN ASSOCIATION",103.84582,1.281216
"cca-kd-0034","南安会馆, 新加坡南安会馆","SINGAPORE LAM ANN ASSOCIATION",103.840955,1.292843
"cca-kd-0035","符氏社, 符氏社(祖祠）","FOO CLAN ASSOCIATION // FOO TEE TAY (CLAN TEMPLE)",103.85527,1.297284
"cca-kd-0036","符氏社, 符氏社(祖祠）","FOO CLAN ASSOCIATION // FOO TEE TAY (CLAN TEMPLE)",103.883918,1.311714
"cca-kd-0037","茶阳会馆, 茶阳（大埔）会馆","CHAR YONG (DABU) ASSOCIATION",103.850499,1.293369
"cca-kd-0038","茶阳会馆, 茶阳（大埔）会馆","CHAR YONG (DABU) ASSOCIATION",103.849514,1.293615
"cca-kd-0039","茶阳会馆, 茶阳（大埔）会馆","CHAR YONG (DABU) ASSOCIATION",103.837714,1.304223
"cca-kd-0040","茶阳会馆, 茶阳（大埔）会馆","CHAR YONG (DABU) ASSOCIATION",103.882473,1.31173
"cca-kd-0041","浯卿陈氏公会","GNOH KENG TAN SI ASSOCIATION // WUQING CHEN'S ASSOCIATION",103.861504,1.302383
"cca-kd-0042","浯卿陈氏公会","GNOH KENG TAN SI ASSOCIATION // WUQING CHEN'S ASSOCIATION",103.880514,1.311526
"cca-kd-0043","三水会馆","SAM SUI WUI KUN",103.847425,1.286922
"cca-kd-0044","三水会馆","SAM SUI WUI KUN",103.845619,1.283707
"cca-kd-0045","三水会馆","SAM SUI WUI KUN",103.844868,1.284153
"cca-kd-0046","三水会馆","SAM SUI WUI KUN",103.881788,1.312386
"cca-kd-0047","三江会馆","SAM KIANG HUAY KWAN",103.851602,1.326902
"cca-kd-0048","三江会馆","SAM KIANG HUAY KWAN",103.835357,1.298402
"cca-kd-0049","三江会馆","SAM KIANG HUAY KWAN",103.848456,1.301974
"cca-kd-0050","东安渡头联谊社","TONG ANN TOR TOW LIAN NGEE SIA",103.845704,1.284149
"cca-kd-0051","东山励志社","TONG SAN LEE CHEE SIA",103.889876,1.313989
"cca-kd-0052","东张镇同乡会","TUNG CHIANG CHUN CLAN",103.879309,1.314
"cca-kd-0053","东陵琼崖同乡会","TANGLIN HENG JOW TANG YEO WEE",103.794691,1.311756
"cca-kd-0054","东陵琼崖同乡会","TANGLIN HENG JOW TANG YEO WEE",103.794365,1.31197
"cca-kd-0055","星洲中山古镇同乡会","SENG CHOW CHUNG SAN KOO CHAN THONG HIONG WUI",103.855052,1.309353
"cca-kd-0056",,"SINGAPORE CHUNG SAAN CHP PO THUNG HEUNG WAI",103.856699,1.309759
"cca-kd-0057","新加坡海洲会馆","HOU CHOW WUI KWUN",103.845424,1.281583
"cca-kd-0058","新加坡中山榄镇同乡会","SINGAPORE CHUNG SAN LAM CHAN THUNG HIONG WUI",103.842066,1.277874
"cca-kd-0059","丰顺会馆","FOONG SHOON FUI KUAN",103.861504,1.302383
"cca-kd-0060","丰顺会馆","FOONG SHOON FUI KUAN",103.885941,1.312685
"cca-kd-0061","丰顺会馆","FOONG SHOON FUI KUAN",103.886735,1.313476
"cca-kd-0062","义安公司","NGEE ANN KONGSI",103.843436,1.295135
"cca-kd-0063","新加坡云氏公会","SINGAPORE HOON CLAN ASSOCIATION",103.853601,1.296809
"cca-kd-0064",,"TIEN LIM CO-VILLAGERS ASSOCIATION",103.855138,1.312529
"cca-kd-0065","兴宁同乡会","SINGAPORE SHIN NENG FELLOW COUNTRY-MEN ASSOCIATION",103.855328,1.299068
"cca-kd-0066","兴宁同乡会","SINGAPORE SHIN NENG FELLOW COUNTRY-MEN ASSOCIATION",103.851832,1.301857
"cca-kd-0067","兴宁同乡会","SINGAPORE SHIN NENG FELLOW COUNTRY-MEN ASSOCIATION",103.886074,1.312515
"cca-kd-0068","兴安会馆","HIN ANN HUAY KUAN",103.85488,1.300894
"cca-kd-0069","兴安会馆","HIN ANN HUAY KUAN",103.852975,1.300197
"cca-kd-0070","兴安会馆","HIN ANN HUAY KUAN",103.850947,1.306763
"cca-kd-0071","兴安会馆","HIN ANN HUAY KUAN",103.85652,1.309509
"cca-kd-0072","冈州会馆","KONG CHOW WUI KOON",103.846866,1.283525
"cca-kd-0073","冈州会馆","KONG CHOW WUI KOON",103.841049,1.280956
"cca-kd-0074","冯氏总会","FONG CLAN GENERAL ASSOCIATION",103.857117,1.30934
"cca-kd-0075","冯氏总会","FONG CLAN GENERAL ASSOCIATION",103.842241,1.279048
"cca-kd-0076","冯氏总会","FONG CLAN GENERAL ASSOCIATION",103.857544,1.314175
"cca-kd-0077","刘关张赵古城会馆","LAU KWAN CHEONG CHEW KU SENG WUI KUN",103.848006,1.281782
"cca-kd-0078","刘关张赵古城会馆","LAU KWAN CHEONG CHEW KU SENG WUI KUN",103.848416,1.279251
"cca-kd-0079","刘关张赵古城会馆","LAU KWAN CHEONG CHEW KU SENG WUI KUN",103.883855,1.312465
"cca-kd-0080","刘氏总会","SINGAPORE LAU CLAN GENERAL ASSOCIATION",103.856784,1.30678
"cca-kd-0081","刘氏总会","SINGAPORE LAU CLAN GENERAL ASSOCIATION",103.846866,1.283525
"cca-kd-0082","刘氏总会","SINGAPORE LAU CLAN GENERAL ASSOCIATION",103.845561,1.290311
"cca-kd-0083","刘氏总会","SINGAPORE LAU CLAN GENERAL ASSOCIATION",103.866312,1.328058
"cca-kd-0084","南安罗溪公所","LAM ANN LOH KHOE ASSOCIATION",103.845407,1.290857
"cca-kd-0085","南安罗溪公所","LAM ANN LOH KHOE ASSOCIATION",103.888584,1.31199
"cca-kd-0086","南洋周氏总会","THE NANYANG CHEW CLAN ASSOCIATION",103.843775,1.277517
"cca-kd-0087","南洋周氏总会","THE NANYANG CHEW CLAN ASSOCIATION",103.844403,1.277314
"cca-kd-0088","南洋周氏总会","THE NANYANG CHEW CLAN ASSOCIATION",103.843991,1.274719
"cca-kd-0089","南洋周氏总会","THE NANYANG CHEW CLAN ASSOCIATION",103.883913,1.311864
"cca-kd-0090","南洋徐氏公会","NANYANG CHEE CLAN ASSOCIATION",103.861829,1.31087
"cca-kd-0091","南洋徐氏公会","NANYANG CHEE CLAN ASSOCIATION",103.879138,1.313408
"cca-kd-0092","南洋柯氏公会","NANYANG KUAH SI ASSOCIATION",103.859234,1.303754
"cca-kd-0093","南洋柯氏公会","NANYANG KUAH SI ASSOCIATION",103.859292,1.303681
"cca-kd-0094","南洋梁氏公会","NANYANG NEO CLAN ASSOCIATION",103.878807,1.35413
"cca-kd-0095","南洋梁氏公会","NANYANG NEO CLAN ASSOCIATION",103.878234,1.355288
"cca-kd-0096","南洋江氏总会, 新加坡江氏总会","KANG ASSOCIATION (SINGAPORE)  //  NANYANG KANG CLAN GUILD",103.847455,1.281994
"cca-kd-0097","南洋江氏总会, 新加坡江氏总会","KANG ASSOCIATION (SINGAPORE)  //  NANYANG KANG CLAN GUILD",103.894968,1.307825
"cca-kd-0098","南洋潘氏总会","NANYANG PHUA CLAN ASSOCIATION",103.857273,1.308828
"cca-kd-0099","南洋潘氏总会","NANYANG PHUA CLAN ASSOCIATION",103.857868,1.307802
"cca-kd-0100","南洋潘氏总会","NANYANG PHUA CLAN ASSOCIATION",103.853324,1.307117
"cca-kd-0101","南洋潘氏总会","NANYANG PHUA CLAN ASSOCIATION",103.835747,1.443714
"cca-kd-0102","南洋潘氏总会","NANYANG PHUA CLAN ASSOCIATION",103.834642,1.416788
"cca-kd-0103","南洋潘氏总会","NANYANG PHUA CLAN ASSOCIATION",103.853324,1.307117
"cca-kd-0104","南洋胡氏公会","NANYANG HWU CLAN GENERAL ASSOCIATION",103.854831,1.300534
"cca-kd-0105","南洋胡氏公会","NANYANG HWU CLAN GENERAL ASSOCIATION",103.851466,1.299874
"cca-kd-0106","南洋胡氏公会","NANYANG HWU CLAN GENERAL ASSOCIATION",103.889249,1.314731
"cca-kd-0107","南洋罗氏公会","NANYANG LOH CLAN ASSOCIATION",103.860176,1.304542
"cca-kd-0108","南洋罗氏公会","NANYANG LOH CLAN ASSOCIATION",103.884167,1.312376
"cca-kd-0109","南洋范氏总会","NANYANG FAN CLAN GENERAL ASSOCIATION",103.855328,1.299068
"cca-kd-0110","南洋范氏总会","NANYANG FAN CLAN GENERAL ASSOCIATION",103.877795,1.311472
"cca-kd-0111","南洋范氏总会","NANYANG FAN CLAN GENERAL ASSOCIATION",103.883664,1.315798
"cca-kd-0112","南洋范氏总会","NANYANG FAN CLAN GENERAL ASSOCIATION",103.877795,1.311472
"cca-kd-0113","南洋薛氏总会","NANYANG SEET CLAN ASSOCIATION",103.859706,1.300368
"cca-kd-0114","南洋薛氏总会","NANYANG SEET CLAN ASSOCIATION",103.85969,1.313303
"cca-kd-0115","南洋薛氏总会","NANYANG SEET CLAN ASSOCIATION",103.849538,1.338894
"cca-kd-0116","南洋赵氏总会","NANYANG CHAO CLAN ASSOCIATION",103.876929,1.309446
"cca-kd-0117","南洋赵氏总会","NANYANG CHAO CLAN ASSOCIATION",103.858232,1.310201
"cca-kd-0118","南洋马氏总会","NANYANG MAH CLAN GENERAL ASSOCIATION",103.847672,1.287094
"cca-kd-0119","南洋马氏总会","NANYANG MAH CLAN GENERAL ASSOCIATION",103.883901,1.311349
"cca-kd-0120","南海同乡会","NAM HOI CLAN ASSOCIATION",103.844473,1.282293
"cca-kd-0121","南璧同乡会","NAN PIH ASSOCIATION",103.877222,1.313671
"cca-kd-0122","南舜同宗会","LAM SOON TANG CHONG HUAY",103.899136,1.374466
"cca-kd-0123","南舜同宗会","LAM SOON TANG CHONG HUAY",103.878924,1.350622
"cca-kd-0124","卢氏宗祠","LOKE'S ASSOCIATION",103.876611,1.309195
"cca-kd-0125","古宁同乡会","SINGAPORE KOH LENG ASSOCIATION",103.876062,1.312467
"cca-kd-0126","后港区琼崖同乡会","SERANGOON KHIUNG JAI CO-VILLAGERS ASSOCIATION",103.883962,1.35309
"cca-kd-0127","后港区琼崖同乡会","SERANGOON KHIUNG JAI CO-VILLAGERS ASSOCIATION",103.886487,1.351724
"cca-kd-0128","后港区琼崖同乡会","SERANGOON KHIUNG JAI CO-VILLAGERS ASSOCIATION",103.883677,1.35087
"cca-kd-0129","嘉应五属公会, 嘉应五属同乡会","KAR YENG FIVE DISTRICTS GENERAL ASSOCIATION",103.849953,1.307351
"cca-kd-0130","嘉应五属公会, 嘉应五属同乡会","KAR YENG FIVE DISTRICTS GENERAL ASSOCIATION",103.776539,1.342413
"cca-kd-0131","嘉应五属公会, 嘉应五属同乡会","KAR YENG FIVE DISTRICTS GENERAL ASSOCIATION",103.775496,1.344854
"cca-kd-0132","天河同乡会","THIN HO THUNG HEONG WUI",103.846032,1.281432
"cca-kd-0133","天河同乡会","THIN HO THUNG HEONG WUI",103.845574,1.281036
"cca-kd-0134","太原王氏公会","TAI GUAN ONG SEE ASSOCIATION",103.857743,1.309522
"cca-kd-0135","太原王氏公会","TAI GUAN ONG SEE ASSOCIATION",103.852901,1.309495
"cca-kd-0136","孟里南旅同乡会","MONG LIH NAM LI TANG YEO WUI",103.85548,1.296982
"cca-kd-0137","孟里南旅同乡会","MONG LIH NAM LI TANG YEO WUI",103.843769,1.318132
"cca-kd-0138","客属刘氏公会","KHEK COMMUNITY LIEU CLAN ASSOCIATION",103.858303,1.306983
"cca-kd-0139","客属刘氏公会","KHEK COMMUNITY TENG CLAN ASSOCIATION",103.872684,1.310694
"cca-kd-0140","客属刘氏公会","KHEK COMMUNITY LIEU CLAN ASSOCIATION",103.810528,1.323301
"cca-kd-0141","客属刘氏公会","KHEK COMMUNITY LIEU CLAN ASSOCIATION",103.883836,1.312605
"cca-kd-0142","广惠肇李氏书室","KWONG WAI SIEW LI SI SHU SHUT",103.846866,1.283525
"cca-kd-0143","广惠肇李氏书室","KWONG WAI SIEW LI SI SHU SHUT",103.842457,1.279399
"cca-kd-0144","广惠肇李氏书室","KWONG WAI SIEW LI SI SHU SHUT",103.845619,1.283707
"cca-kd-0145","广惠肇李氏书室","KWONG WAI SIEW LI SI SHU SHUT",103.849282,1.289997
"cca-kd-0146","广惠肇李氏书室","KWONG WAI SIEW LI SI SHU SHUT",103.845924,1.28107
"cca-kd-0147","广惠肇李氏书室","KWONG WAI SIEW LI SI SHU SHUT",103.846158,1.280698
"cca-kd-0148","恩平同乡会","YEN PENG THONG HIONG HUEY",103.84249,1.279438
"cca-kd-0149","恩平同乡会","YEN PENG THONG HIONG HUEY",103.841653,1.279357
"cca-kd-0150","恩平同乡会","YEN PENG THONG HIONG HUEY",103.841673,1.280089
"cca-kd-0151","成氏宗亲会","SENG CLAN ASSOCIATION(SINGAPORE)",103.849436,1.280981
"cca-kd-0152","成氏宗亲会","SENG CLAN ASSOCIATION(SINGAPORE)",103.912199,1.315339
"cca-kd-0153","成氏宗亲会","SENG CLAN ASSOCIATION(SINGAPORE)",103.843964,1.28584
"cca-kd-0154","文山联谊社","BOON SAN LIAN NGEE ASSOCIATION",103.845704,1.284149
"cca-kd-0155","新加坡东安会馆","TUNG ON WUI KUN",103.842094,1.282086
"cca-kd-0156","新加坡东安会馆","TUNG ON WUI KUN",103.840532,1.279015
"cca-kd-0157","新加坡中山会馆","CHUNG SHAN ASSOCIATION (SINGAPORE)",103.847849,1.282943
"cca-kd-0158","新加坡中山会馆","CHUNG SHAN ASSOCIATION (SINGAPORE)",103.848345,1.28357
"cca-kd-0159","新加坡中山会馆","CHUNG SHAN ASSOCIATION (SINGAPORE)",103.846866,1.283525
"cca-kd-0160","新加坡中山会馆","CHUNG SHAN ASSOCIATION (SINGAPORE)",103.841672,1.279993
"cca-kd-0161","新加坡叶氏公会","SINGAPORE YAP ASSOCIATION",103.849316,1.280137
"cca-kd-0162","新加坡叶氏公会","SINGAPORE YAP ASSOCIATION",103.847647,1.280409
"cca-kd-0163","新加坡叶氏公会","SINGAPORE YAP ASSOCIATION",103.883905,1.311654
"cca-kd-0164","新加坡大埔同乡会","TAIPU ASSOCIATION (SINGAPORE)",103.888721,1.315052
"cca-kd-0165","新加坡天府会","TIAN FU ASSOCIATION (SINGAPORE)",103.865877,1.326712
"cca-kd-0166","新加坡宁阳会馆","NING YEUNG WUI KUAN SINGAPORE",103.846433,1.284977
"cca-kd-0167","新加坡宁阳会馆","NING YEUNG WUI KUAN SINGAPORE",103.877235,1.309152
"cca-kd-0168","新加坡安溪会馆","SINGAPORE ANN KWAY ASSOCIATION",103.847554,1.284646
"cca-kd-0169","新加坡安溪会馆","SINGAPORE ANN KWAY ASSOCIATION",103.842368,1.282584
"cca-kd-0170","新加坡客属宝树谢氏公会","CHIA (POW SOO) HAKKA CLAN ASSOCIATION",103.877774,1.313008
"cca-kd-0171","新加坡客属黄氏公会","SINGAPORE KHEK COMMUNITY WONG CLAN ASSOCIATION  //  KHEK COMMUNITY WONG CLAN ASSOCIATION",103.856349,1.298253
"cca-kd-0172","新加坡客属黄氏公会","SINGAPORE KHEK COMMUNITY WONG CLAN ASSOCIATION  //  KHEK COMMUNITY WONG CLAN ASSOCIATION",103.855328,1.299068
"cca-kd-0173","新加坡客属黄氏公会","SINGAPORE KHEK COMMUNITY WONG CLAN ASSOCIATION  //  KHEK COMMUNITY WONG CLAN ASSOCIATION",103.8597,1.311199
"cca-kd-0174","新加坡山西会馆","SHANXI ASSOCIATION",103.865085,1.319768
"cca-kd-0175","新加坡庐江何氏总会","SINAPORE LOH KANG HO CLAN ASSOCIATION",103.843122,1.278445
"cca-kd-0176","新加坡庐江何氏总会","SINAPORE LOH KANG HO CLAN ASSOCIATION",103.844224,1.278213
"cca-kd-0177","新加坡庐江何氏总会","SINAPORE LOH KANG HO CLAN ASSOCIATION",103.877235,1.309152
"cca-kd-0178","新加坡延陵吴氏总会","YEN LENG GOH CLAN GENERAL ASSOCIATION",103.84398,1.28577
"cca-kd-0179","新加坡延陵吴氏总会","YEN LENG GOH CLAN GENERAL ASSOCIATION",103.841672,1.293868
"cca-kd-0180","新加坡惠州会馆（惠州会馆, 惠州公会）","WUI CHIU FUI KUN SINGAPORE",103.847364,1.284368
"cca-kd-0181","新加坡惠州会馆（惠州会馆, 惠州公会）","WUI CHIU FUI KUN SINGAPORE",103.847554,1.284646
"cca-kd-0182","新加坡惠州会馆（惠州会馆, 惠州公会）","WUI CHIU FUI KUN SINGAPORE",103.844549,1.278143
"cca-kd-0183","新加坡惠州会馆（惠州会馆, 惠州公会）","WUI CHIU FUI KUN SINGAPORE",103.842029,1.277955
"cca-kd-0184",,"DAI CLAN ASSOCIATION (SINGAPORE)",103.87796,1.313373
"cca-kd-0185",,"DAI CLAN ASSOCIATION (SINGAPORE)",103.896262,1.326337
"cca-kd-0186","新加坡杨厝港琼崖同乡会","SINGAPORE YIO CHU KANG KHENG ZAI TUNG YEO HUI",103.873328,1.398138
"cca-kd-0187","新加坡杨厝港琼崖同乡会","SINGAPORE YIO CHU KANG KHENG ZAI TUNG YEO HUI",103.873492,1.369534
"cca-kd-0188","新加杨氏公会","SINGAPORE YONG SZE ASSOCIATION",103.856199,1.298881
"cca-kd-0189","新加杨氏公会","SINGAPORE YONG SZE ASSOCIATION",103.886488,1.314517
"cca-kd-0190","新加杨氏公会","SINGAPORE YONG SZE ASSOCIATION",103.856199,1.298881
"cca-kd-0191","新加杨氏公会","SINGAPORE YONG SZE ASSOCIATION",103.888721,1.315052
"cca-kd-0192","新加坡海南会馆","SINGAPORE HAI NAN HWEE KUAN/ KHENG CHIU TIN HOU KONG",103.855328,1.299068
"cca-kd-0193","新加坡海南会馆","SINGAPORE HAI NAN HWEE KUAN/ KHENG CHIU TIN HOU KONG",103.855929,1.296409
"cca-kd-0194","新加坡海南林氏公会","HAINAN LIM CLAN ASSOCIATION",103.877267,1.313453
"cca-kd-0195","新加坡湖峰社","SINGAPORE OH HONG SIA ASSOCIATION",103.849436,1.280981
"cca-kd-0196","新加坡湖峰社","SINGAPORE OH HONG SIA ASSOCIATION",103.836214,1.296772
"cca-kd-0197","新加坡湖峰社","SINGAPORE OH HONG SIA ASSOCIATION",103.883908,1.31161
"cca-kd-0198","新加坡潮州沈氏联合会","SINGAPORE TEO CHEW SIM CLAN ASSOCIATION",103.849241,1.287877
"cca-kd-0199","新加坡潮州沈氏联合会","SINGAPORE TEO CHEW SIM CLAN ASSOCIATION",103.846846,1.287598
"cca-kd-0200","新加坡潮州沈氏联合会","SINGAPORE TEO CHEW SIM CLAN ASSOCIATION",103.77086,1.31353
"cca-kd-0201","新加坡琼海同乡会","QIONGHAI ASSOCIATION (SINGAPORE)",103.855809,1.296228
"cca-kd-0202","新加坡琼海同乡会","QIONGHAI ASSOCIATION (SINGAPORE)",103.843769,1.318132
"cca-kd-0203","新加坡琼海同乡会","QIONGHAI ASSOCIATION (SINGAPORE)",103.878115,1.314374
"cca-kd-0204","新加坡福州会馆","SINGAPORE FOOCHOW ASSOCIATION",103.845846,1.282301
"cca-kd-0205","新加坡福州会馆","SINGAPORE FOOCHOW ASSOCIATION",103.845845,1.302844
"cca-kd-0206","新加坡福州会馆","SINGAPORE FOOCHOW ASSOCIATION",103.858441,1.30941
"cca-kd-0207","新加坡福州洪氏公会","FOO CHOW HOON CLAN GUILD OF SINGAPORE",103.852439,1.307159
"cca-kd-0208","新加坡福州洪氏公会","FOO CHOW HOON CLAN GUILD OF SINGAPORE",103.853326,1.316608
"cca-kd-0209","新加坡福州洪氏公会","FOO CHOW HOON CLAN GUILD OF SINGAPORE",103.853713,1.309137
"cca-kd-0210","新加坡福州洪氏公会","FOO CHOW HOON CLAN GUILD OF SINGAPORE",103.853643,1.31077
"cca-kd-0211","新加坡福建会馆","SINGAPORE HOKIEN HUAY KUAN",103.848017,1.280801
"cca-kd-0212","新加坡福清东张同乡会","SINGAPORE FUTSING TUNG CHIANG CLANSMEN'S ASSOCIATION",103.854524,1.307117
"cca-kd-0213","新加坡福清东张同乡会","SINGAPORE FUTSING TUNG CHIANG CLANSMEN'S ASSOCIATION",103.879309,1.314
"cca-kd-0214","新加坡福清会馆","SINGAPORE FUTSING ASSOCIATION",103.855637,1.300367
"cca-kd-0215","新加坡福清会馆","SINGAPORE FUTSING ASSOCIATION",103.854642,1.300617
"cca-kd-0216","新加坡福清会馆","SINGAPORE FUTSING ASSOCIATION",103.859349,1.310697
"cca-kd-0217","新加坡舜裔宗亲联谊会","SHUN-YI ASSOCIATION (SINGAPORE)",103.881021,1.315048
"cca-kd-0218","新加坡舜裔宗亲联谊会","SHUN-YI ASSOCIATION (SINGAPORE)",103.889249,1.314731
"cca-kd-0219","新加坡舜裔宗亲联谊会","SHUN-YI ASSOCIATION (SINGAPORE)",103.878924,1.350622
"cca-kd-0220","滎阳堂郑氏公会","ENG YONG TONG TAY SI ASSOCIATION",103.849046,1.286073
"cca-kd-0221","滎阳堂郑氏公会","ENG YONG TONG TAY SI ASSOCIATION",103.84686,1.280995
"cca-kd-0222","新加坡莆田会馆, 南洋莆田会馆","PUTIAN ASSOCIATION SINGAPORE  //  NANYANG PHO CHEN HUAY KUAN",103.854642,1.300617
"cca-kd-0223","新加坡莆田会馆, 南洋莆田会馆","PUTIAN ASSOCIATION SINGAPORE  //  NANYANG PHO CHEN HUAY KUAN",103.852982,1.304883
"cca-kd-0224","新加坡莆田会馆, 南洋莆田会馆","PUTIAN ASSOCIATION SINGAPORE  //  NANYANG PHO CHEN HUAY KUAN",103.887543,1.31528
"cca-kd-0225","新加坡许氏总会","SINGAPORE KHOH CLAN ASSOCIATION",103.846866,1.283525
"cca-kd-0226","新加坡许氏总会","SINGAPORE KHOH CLAN ASSOCIATION",103.842607,1.293899
"cca-kd-0227","新加坡许氏总会","SINGAPORE KHOH CLAN ASSOCIATION",103.846706,1.280723
"cca-kd-0228","新加坡谢氏总会, 南洋谢氏总会","CHIA GENERAL ASSOCIATION (SINGAPORE)",103.8401,1.279247
"cca-kd-0229","新加坡谢氏总会, 南洋谢氏总会","CHIA GENERAL ASSOCIATION (SINGAPORE)",103.846433,1.284977
"cca-kd-0230","新加坡谢氏总会, 南洋谢氏总会","CHIA GENERAL ASSOCIATION (SINGAPORE)",103.84089,1.280399
"cca-kd-0231","新加坡钟氏公会","ZHONG CLAN ASSOCIATION",103.843714,1.273174
"cca-kd-0232","新加坡钟氏公会","ZHONG CLAN ASSOCIATION",103.855637,1.300367
"cca-kd-0233","新加坡钟氏公会","ZHONG CLAN ASSOCIATION",103.900339,1.314227
"cca-kd-0234","新加坡钟氏公会","ZHONG CLAN ASSOCIATION",103.853754,1.307357
"cca-kd-0235","新加坡陈氏总会","FEDERATION OF CHEN CLAN ASSOCIATION",103.881021,1.315048
"cca-kd-0236","新加坡陈氏总会","FEDERATION OF CHEN CLAN ASSOCIATION",103.845234,1.28707
"cca-kd-0237","新加坡陈氏总会","FEDERATION OF CHEN CLAN ASSOCIATION",103.878924,1.350622
"cca-kd-0238","新加坡高氏公会","SINGAPORE KOH CLAN ASSOCIATION",103.789683,1.277478
"cca-kd-0239","新加坡高氏公会","SINGAPORE KOH CLAN ASSOCIATION",103.832037,1.289266
"cca-kd-0240","新加坡高氏公会","SINGAPORE KOH CLAN ASSOCIATION",103.840593,1.278889
"cca-kd-0241","新加坡高要会馆","SINGAPORE KOH YIU WOOI KWOON",103.844418,1.283556
"cca-kd-0242","新加坡高要会馆","SINGAPORE KOH YIU WOOI KWOON",103.845839,1.281695
"cca-kd-0243","新加坡鹤山会馆, 星加坡鹤山会馆","SINGAPORE HOK SAN ASSOCIATION",103.84239,1.279328
"cca-kd-0244","新加坡鹤山会馆, 星加坡鹤山会馆","SINGAPORE HOK SAN ASSOCIATION",103.842274,1.280433
"cca-kd-0245","新加坡麦氏公会（始兴堂）","SINGAPORE MAK CLAN CHI HENG THONG ASSOCIATION",103.842463,1.280748
"cca-kd-0246","新合盛同乡会","TIN HUP TENG TANG YEO WAY",103.855146,1.295988
"cca-kd-0247",,"SINGAPORE KUAN SUN SIA",103.849196,1.28055
"cca-kd-0248","星洲增龙会馆","CHEN LOONG WUI KOON",103.848451,1.288057
"cca-kd-0249","星洲增龙会馆","CHEN LOONG WUI KOON",103.843111,1.279788
"cca-kd-0250","星洲增龙会馆","CHEN LOONG WUI KOON",103.876062,1.312467
"cca-kd-0251","星洲谯国堂曹家馆","SING CHOW CHIU KWOK THONG CHO KAH KOON",103.85938,1.315697
"cca-kd-0252","星洲谯国堂曹家馆","SING CHOW CHIU KWOK THONG CHO KAH KOON",103.873276,1.31781
"cca-kd-0253","星洲颍川公会","SINGAPORE THENG CHUAN ASSOCIATION",103.843984,1.283403
"cca-kd-0254","星洲颍川公会","SINGAPORE THENG CHUAN ASSOCIATION",103.878924,1.350622
"cca-kd-0255","星槎同乡会",,103.844543,1.278285
"cca-kd-0256","星马客属廖氏公会, 新加坡客属廖氏公会","S.M. KHEK LEOW CLAN ASSOCIATION",103.847874,1.283466
"cca-kd-0257","星马客属廖氏公会, 新加坡客属廖氏公会","S.M. KHEK LEOW CLAN ASSOCIATION",103.877219,1.312711
"cca-kd-0258","朱氏公会","CHOO CLAN ASSOCIATION",103.851466,1.299874
"cca-kd-0259","朱氏公会","CHOO CLAN ASSOCIATION",103.853748,1.30788
"cca-kd-0260","新加坡林氏大宗祠九龙堂","2-？:SINGAPORE LIM SEE TAI CHONG SOO KIU LEONG TONG FARMILY SELF-MAGEMENT ASSOCIATION  //  LIM SEE TAI CHONG SOO KIU LEONG TONG FAMILY SELF-MANAGEMENT ASSOCIATION",103.841422,1.274938
"cca-kd-0261","梅汝南堂","BOEY NI LAM HONG",103.847269,1.284188
"cca-kd-0262","梅汝南堂","BOEY NI LAM HONG",103.878681,1.310763
"cca-kd-0263","樟林旅外同乡会","CHUNG-LIM COMMUNITY OVERSEAS ASSOCIATION",103.847292,1.287817
"cca-kd-0264","樟林旅外同乡会","CHUNG-LIM COMMUNITY OVERSEAS ASSOCIATION",103.847292,1.287817
"cca-kd-0265","江西会馆","THE SINGAPORE KIANGSI ASSOCIATION",103.858529,1.310681
"cca-kd-0266","琼崖沙港同乡会","KHENG JAI SAR KUNG ASSOCIATION",103.830175,1.306909
"cca-kd-0267","琼崖沙港同乡会","KHENG JAI SAR KUNG ASSOCIATION",103.852688,1.29801
"cca-kd-0268","泉菌江公所","CHUAN KHOON KANG KONG SO",103.858432,1.301262
"cca-kd-0269","泉菌江公所","CHUAN KHOON KANG KONG SO",103.852022,1.298783
"cca-kd-0270","泉菌江公所","CHUAN KHOON KANG KONG SO",103.877936,1.314314
"cca-kd-0271","泉菌江公所","CHUAN KHOON KANG KONG SO",103.879438,1.314033
"cca-kd-0272","清河张氏公会","CHIN HO TEO CLAN ASSOCIATION",103.847455,1.281994
"cca-kd-0273","清河张氏公会","CHIN HO TEO CLAN ASSOCIATION",103.877549,1.30943
"cca-kd-0274","温州会馆","WEN CHOW WEI KHAN  //  WENZHOU CLAN ASSOCIATION OF SINGAPORE",103.856574,1.306957
"cca-kd-0275","温州会馆","WEN CHOW WEI KHAN  //  WENZHOU CLAN ASSOCIATION OF SINGAPORE",103.856461,1.310075
"cca-kd-0276","温州会馆","WEN CHOW WEI KHAN  //  WENZHOU CLAN ASSOCIATION OF SINGAPORE",103.85652,1.309509
"cca-kd-0277","温州会馆","WEN CHOW WEI KHAN  //  WENZHOU CLAN ASSOCIATION OF SINGAPORE",103.88936,1.315752
"cca-kd-0278","潮安仙乐乡杨氏同乡会","TEO ANN SIAN LUCK HEO YEO CLAN SOCIETY",103.846455,1.290532
"cca-kd-0279","潮安仙乐乡杨氏同乡会","TEO ANN SIAN LUCK HEO YEO CLAN SOCIETY",103.847674,1.287592
"cca-kd-0280","潮安仙乐乡杨氏同乡会","TEO ANN SIAN LUCK HEO YEO CLAN SOCIETY",103.878425,1.311913
"cca-kd-0281","潮安会馆","TEO ANN HUAY KUAN",103.840489,1.279105
"cca-kd-0282","潮安会馆","TEO ANN HUAY KUAN",103.882392,1.358276
"cca-kd-0283","潮安会馆","TEO ANN HUAY KUAN",103.876998,1.310566
"cca-kd-0284","潮州金沙陈氏同乡会","TEO ANN KIM SAR DISTRICT TAN CLAN ASSOCIATION",103.847904,1.288712
"cca-kd-0285","潮州金沙陈氏同乡会","TEO ANN KIM SAR DISTRICT TAN CLAN ASSOCIATION",103.840533,1.278434
"cca-kd-0286","潮州谢氏公会","TEOCHEW CHIA CLAN ASSOCIATION",103.856652,1.298311
"cca-kd-0287","潮荷同乡会","CHEW HO THONG HIONG WUI",103.834281,1.300267
"cca-kd-0288","澄海会馆","THENG HAI HUAY KUAN",103.847025,1.287128
"cca-kd-0289","澄海会馆","THENG HAI HUAY KUAN",103.836633,1.276268
"cca-kd-0290","澄海会馆","THENG HAI HUAY KUAN",103.845704,1.284149
"cca-kd-0291","澄海会馆","THENG HAI HUAY KUAN",103.883252,1.314392
"cca-kd-0292","新加坡延陵吴氏总会","YEN LENG GOH CLAN GENERAL ASSOCIATION",103.841672,1.293868
"cca-kd-0293",,"SINGAPORE GEOK SHEE ASSOCIATION",103.854178,1.305461
"cca-kd-0294",,"KHENG LOKE VILLAGERS ASSOCIATIONS",103.855809,1.296228
"cca-kd-0295","新加坡琼崖杨氏公会","SINGAPORE KHENG ZAI YEO CLAN ASSOCIATION",103.855467,1.296443
"cca-kd-0296","琼崖溪北同乡会","KHENGNGAI KHOEYBAK ASSOCIATION",103.854897,1.29845
"cca-kd-0297","琼联声剧社","HYMIN RHYME SING OPERA CLUB",103.837942,1.350122
"cca-kd-0298","新加坡福州关峰同乡会","SINGAPORE FOOCHOW KUAN HONG VILLAGERS' ASSOCIATION",103.853983,1.309585
"cca-kd-0299","新加坡福州合北同乡会","SINGAPORE FOOCHOE HUP PEK ASSOCIATION",103.844403,1.277314
"cca-kd-0300","新加坡福州洪氏公会","FOOCHOW HOON CLAN GUILD OF SINGAPORE",103.853326,1.316608
"cca-kd-0301","新加坡福州洪氏公会","FOOCHOW HOON CLAN GUILD OF SINGAPORE",103.853643,1.31077
"cca-kd-0302","新加坡福州长乐公会","SINGAPORE FOOCHOW DIONGLOK ASSOCIATION",103.844412,1.277364
"cca-kd-0303",,"TAY YIK SAN ASSOCIATION, SINGAPORE",103.855637,1.300367
"cca-kd-0304","南洋纪氏公会","NANYANG KEE SIE KONG HUAY",103.841947,1.27806
"cca-kd-0305","翁氏总会","ANG SHEE GENERAL ASSOCIATION",103.855637,1.300367
"cca-kd-0306","翁氏总会","ANG SHEE GENERAL ASSOCIATION",103.847841,1.287431
"cca-kd-0307","翁氏总会","ANG SHEE GENERAL ASSOCIATION",103.883908,1.312009
"cca-kd-0308","花县会馆","FA YUN WUI KWUN",103.843437,1.281197
"cca-kd-0309","花县会馆","FA YUN WUI KWUN",103.845848,1.281181
"cca-kd-0310",,"FAR YIN LIN THONG ASSOCIATION",103.845519,1.281129
"cca-kd-0311","茶阳何氏公会","(SINGAPORE )CHA YONG HO CLAN ASSOCIATION",103.855328,1.299068
"cca-kd-0312","茶阳何氏公会","(SINGAPORE )CHA YONG HO CLAN ASSOCIATION",103.85216,1.295594
"cca-kd-0313","茶阳何氏公会","(SINGAPORE )CHA YONG HO CLAN ASSOCIATION",103.853743,1.299075
"cca-kd-0314","茶阳何氏公会","(SINGAPORE )CHA YONG HO CLAN ASSOCIATION",103.844224,1.278213
"cca-kd-0315","茶阳何氏公会","(SINGAPORE )CHA YONG HO CLAN ASSOCIATION",103.853743,1.299075
"cca-kd-0316","莆中高平公会","(SINGAPORE) PHOR TIONG KOH PENG ASSOCIATION",103.856422,1.306364
"cca-kd-0317","莆中高平公会","(SINGAPORE) PHOR TIONG KOH PENG ASSOCIATION",103.882672,1.314341
"cca-kd-0318","萧氏总会","SIOW'S CLAN GUILD ASSOCIATION",103.855637,1.300367
"cca-kd-0319","萧氏总会","SIOW'S CLAN GUILD ASSOCIATION",103.847319,1.281723
"cca-kd-0320","萧氏总会","SIOW'S CLAN GUILD ASSOCIATION",103.882907,1.314108
"cca-kd-0321","萧氏总会","SIOW'S CLAN GUILD ASSOCIATION",103.882907,1.314108
"cca-kd-0322","萧氏总会","SIOW'S CLAN GUILD ASSOCIATION",103.856792,1.310048
"cca-kd-0323","董氏公会","TANG CLAN ASSOCIATION",103.845898,1.276012
"cca-kd-0324","董氏公会","TANG CLAN ASSOCIATION",103.845043,1.281415
"cca-kd-0325","董氏公会","TANG CLAN ASSOCIATION",103.852642,1.304995
"cca-kd-0326","蓝氏总会","SINGAPORE LAM CLAN ASSOCIATION",103.851208,1.303625
"cca-kd-0327","蓝氏总会","SINGAPORE LAM CLAN ASSOCIATION",103.852022,1.298783
"cca-kd-0328","蓝氏总会","SINGAPORE LAM CLAN ASSOCIATION",103.878143,1.312875
"cca-kd-0329","西林孙氏同乡会","SAI LIN SNG CLAN ASSOCIATION",103.877278,1.311191
"cca-kd-0330","西林孙氏同乡会","SAI LIN SNG CLAN ASSOCIATION",103.885011,1.314404
"cca-kd-0331","西樵同乡会","SAI CHIEW VILLAGERS ASSOCIATION",103.845298,1.281419
"cca-kd-0332","西河上官路同乡会","SAI HO CHEO JWAI LOOH VILLAGE ASSOCIATION",103.844212,1.278164
"cca-kd-0332","西河上官路同乡会","SAI HO CHEO JWAI LOOH VILLAGE ASSOCIATION",103.888547,1.314152
"cca-kd-0334","西河别墅（林氏会馆）","SAI HO PIAT SU",103.878548,1.354977
"cca-kd-0335","邝氏公会（宣城堂）","KWONG CLAN ASSOCIATION",103.854072,1.304325
"cca-kd-0336","邝氏公会（宣城堂）","KWONG CLAN ASSOCIATION",103.858455,1.315293
"cca-kd-0337","重兴同乡会","THE SONG HENG ASSOCIATION SINGAPORE",103.855295,1.296627
"cca-kd-0338","重庆会馆","SIU HENG WUI KUN",103.876266,1.309798
"cca-kd-0339","金浯山同乡会","KIM GOH SAN CO-VILLAGERS ASSOCIATION",103.849196,1.28055
"cca-kd-0340","金长发联谊社","KIM TIONG HUAT",103.831523,1.283467
"cca-kd-0341","雷方邝溯源堂","LOOI FONG KWONG SOO GUAN TONG",103.875373,1.312844
"cca-kd-0342","顺德会馆","SHUN TAK COMMUNITY GUILD",103.842585,1.278541
"cca-kd-0343","顺德会馆","SHUN TAK COMMUNITY GUILD",103.879865,1.310395
"cca-kd-0344",,"SINGAPORE KOH YIU YEE ON THONG",103.841802,1.278243
"cca-kd-0345","黄氏炽昌联谊社","HUANG CLAN CHICHANG ASSOCIATION",103.851465,1.308864
"cca-kd-0346","黄氏炽昌联谊社","HUANG CLAN CHICHANG ASSOCIATION",103.888314,1.315336
"cca-kd-0347","黄氏炽昌联谊社","HUANG CLAN CHICHANG ASSOCIATION",103.883196,1.312405
"cca-kd-0348","龙溪会馆","LEONG KHAY HUAY KUAN",103.84615,1.281835
"cca-kd-0349","龙溪会馆","LEONG KHAY HUAY KUAN",103.841918,1.276525
"cca-kd-0350","龙溪会馆","LEONG KHAY HUAY KUAN",103.841918,1.276525
"cca-kd-0351","龙溪会馆","LEONG KHAY HUAY KUAN",103.847032,1.281278
"cca-kd-0352","龙溪会馆","LEONG KHAY HUAY KUAN",103.840345,1.27879
"cca-kd-0353","江夏公所","KANG HA CLAN ASSOCIATION",103.883399,1.313203
"cca-kd-0354","南洋礼阳郑氏同乡会","NANYANG LOY YANG TAY CLAN ASSOCIATION",103.847551,1.287238
"cca-kd-0355","南洋礼阳郑氏同乡会","NANYANG LOY YANG TAY CLAN ASSOCIATION",103.849012,1.287463
"cca-kd-0356","南洋礼阳郑氏同乡会","NANYANG LOY YANG TAY CLAN ASSOCIATION",103.842303,1.286235
"cca-kd-0357","新加坡河婆集团","HOPO CORPORATION SINGAPORE",103.762858,1.375336
"cca-kd-0358","新加坡华源会","HUA YUAN GENERAL ASSOCIATION (OF NEW IMMIGRANTS FROM CHINA)",103.840813,1.287034
